<?xml version="1.0" encoding="UTF-8"?>
<project-private xmlns="http://www.netbeans.org/ns/project-private/1">
    <editor-bookmarks xmlns="http://www.netbeans.org/ns/editor-bookmarks/2" lastBookmarkId="0"/>
    <open-files xmlns="http://www.netbeans.org/ns/projectui-open-files/2">
        <group>
            <file>file:/C:/Users/lab_services_student/Desktop/PROG5121-Part1/src/prog5121/part1/PROG5121Part1.java</file>
            <file>file:/C:/Users/lab_services_student/Desktop/PROG5121-Part1/test/TaskFeatureClassTest.java</file>
            <file>file:/C:/Users/lab_services_student/Desktop/PROG5121-Part1/test/prog5121/part1/PROG5121Part1Test.java</file>
            <file>file:/C:/Users/lab_services_student/Desktop/PROG5121-Part1/src/TaskFeatureClass.java</file>
        </group>
    </open-files>
</project-private>
